Record ID,Week Ending,Sprint Number,Step Name,Step Order,Count,Conversion From Previous Step,Low Confidence,Notes
recdeuiQLvF8Sq2cf,2026-07-04,3,Homepage Landing,1,8,,TRUE,"DATA BASIS: Backfilled. WINDOW: Sun-Sat calendar week. Backfilled from Plausible historical pageview data for '/', bucketed from daily data."
recI6aRLcggk1GyXk,2026-07-04,3,Diagnostic CTA Clicked,2,2,0.25,TRUE,"DATA BASIS: Proxy. WINDOW: Sun-Sat calendar week. Not a real click event: this is /diagnostic pageviews, since no diagnostic_cta_clicked event existed yet. Superseded from 2026-08-11 onward."
recvrnXSu0PvR2gqA,2026-07-04,3,Form Submitted,6,0,0,TRUE,"Step Order changed 5 to 6 on 2026-08-13 to make room for Questionnaire Completed at 5. DATA BASIS: Measured. WINDOW: Sun-Sat calendar week. Sourced from Diagnostic Submissions: genuine external respondents only, internal/test rows excluded. All 9 records in that table are dated 2026-06-07 or earlier and are Graham's own pre-experiment tests, so every week from Sprint 1 onward is a genuine measured zero, not an instrumentation artefact."
recM4chY4idtKMpfx,2026-07-04,3,Verification Confirmed,8,0,0,TRUE,"Step Order changed 7 to 8 on 2026-08-13 to preserve room for Verification Email Sent at 7. DATA BASIS: Measured. WINDOW: Sun-Sat calendar week. Sourced from Diagnostic Submissions (`verified` = true), genuine external respondents only. Measured zero."
recVOnaEfCMzXyFoE,2026-07-04,3,Results Viewed,9,0,0,TRUE,"Created 2026-08-13. Results are gated behind email verification, so this step can only be reached after Verification Confirmed. Structural zero: no genuine respondent has ever passed the email gate, therefore no genuine respondent has ever seen their diagnostic results. DATA BASIS: Measured (derived from Verification Confirmed = 0). WINDOW: Sun-Sat calendar week."
rec8lgumRQtD4siyw,2026-07-11,4,Homepage Landing,1,15,,TRUE,"DATA BASIS: Backfilled. WINDOW: Sun-Sat calendar week. Backfilled from Plausible historical pageview data for '/', bucketed from daily data."
recEwiaCbZJv3wglg,2026-07-11,4,Diagnostic CTA Clicked,2,3,0.2,TRUE,DATA BASIS: Proxy. WINDOW: Sun-Sat calendar week. /diagnostic pageviews standing in for a click event that did not yet exist.
recudyz5z0fhOezYo,2026-07-11,4,Form Submitted,6,0,0,TRUE,Step Order changed 5 to 6 on 2026-08-13. DATA BASIS: Measured. WINDOW: Sun-Sat calendar week. Sourced from Diagnostic Submissions: genuine external respondents only. Measured zero.
recKXTYpuTvahNeoP,2026-07-11,4,Verification Confirmed,8,0,0,TRUE,Step Order changed 7 to 8 on 2026-08-13. DATA BASIS: Measured. WINDOW: Sun-Sat calendar week. Sourced from Diagnostic Submissions (`verified` = true). Measured zero.
rec7JnLKVf0cUkF3V,2026-07-11,4,Results Viewed,9,0,0,TRUE,"Created 2026-08-13. Structural zero: gated behind Verification Confirmed, which has never been reached. DATA BASIS: Measured (derived). WINDOW: Sun-Sat calendar week."
recnGwZ4nPNOva8qF,2026-07-18,6,Homepage Landing,1,6,,TRUE,"DATA BASIS: Backfilled. WINDOW: Sun-Sat calendar week. Backfilled from Plausible historical pageview data for '/', bucketed from daily data."
recuG3NXV8MnPW4SI,2026-07-18,6,Diagnostic CTA Clicked,2,4,0.667,TRUE,DATA BASIS: Proxy. WINDOW: Sun-Sat calendar week. /diagnostic pageviews standing in for a click event that did not yet exist.
recyownDK8khoEARQ,2026-07-18,6,Form Submitted,6,0,0,TRUE,"DATA BASIS: Measured. WINDOW: Sun-Sat calendar week. Sourced from Diagnostic Submissions: genuine external respondents only. Measured zero. The Plausible `Diagnostic: Email Submitted` event fired once in this period but maps to an internal test, not a genuine respondent. (Weekly completion figures previously noted here were inferred and have been deleted — see the table description for the cumulative measured position.)"
recizeLyDfsDUiEOv,2026-07-18,6,Verification Confirmed,8,0,0,TRUE,Step Order changed 7 to 8 on 2026-08-13. DATA BASIS: Measured. WINDOW: Sun-Sat calendar week. Sourced from Diagnostic Submissions (`verified` = true). Measured zero.
rec7zptNgkcNLelnH,2026-07-18,6,Results Viewed,9,0,0,TRUE,"DATA BASIS: Measured (derived). WINDOW: Sun-Sat calendar week. Structural zero: Results Viewed sits behind Verification Confirmed, which has never been reached."
rec7cg1SJZZmiYjY2,2026-07-25,8,Homepage Landing,1,5,,TRUE,"DATA BASIS: Backfilled. WINDOW: Sun-Sat calendar week. Backfilled from Plausible historical pageview data for '/', bucketed from daily data."
recZGsN3jH4rDoobr,2026-07-25,8,Diagnostic CTA Clicked,2,3,0.6,TRUE,DATA BASIS: Proxy. WINDOW: Sun-Sat calendar week. /diagnostic pageviews standing in for a click event that did not yet exist.
recotCC0am29eTw7w,2026-07-25,8,Form Submitted,6,0,0,TRUE,DATA BASIS: Measured. WINDOW: Sun-Sat calendar week. Sourced from Diagnostic Submissions: genuine external respondents only. Measured zero. (Weekly completion figures previously noted here were inferred and have been deleted — see the table description for the cumulative measured position.)
rec9Ab1yGFonQ3weY,2026-07-25,8,Verification Confirmed,8,0,0,TRUE,Step Order changed 7 to 8 on 2026-08-13. DATA BASIS: Measured. WINDOW: Sun-Sat calendar week. Sourced from Diagnostic Submissions (`verified` = true). Measured zero.
rec8vtIvBpVKUE8pL,2026-07-25,8,Results Viewed,9,0,0,TRUE,"DATA BASIS: Measured (derived). WINDOW: Sun-Sat calendar week. Structural zero: Results Viewed sits behind Verification Confirmed, which has never been reached."
recqYE3JXeMJfBGu1,2026-08-01,10,Homepage Landing,1,3,,TRUE,"DATA BASIS: Backfilled. WINDOW: Sun-Sat calendar week. Backfilled from Plausible historical pageview data for '/', bucketed from daily data."
rectn20KyGGKCqizr,2026-08-01,10,Diagnostic CTA Clicked,2,1,0.333,TRUE,DATA BASIS: Proxy. WINDOW: Sun-Sat calendar week. /diagnostic pageviews standing in for a click event that did not yet exist. Last proxy row before the real event ships.
recQTY2pq9PURTBHq,2026-08-01,10,Form Submitted,6,0,0,TRUE,Step Order changed 5 to 6 on 2026-08-13. DATA BASIS: Measured. WINDOW: Sun-Sat calendar week. Sourced from Diagnostic Submissions: genuine external respondents only. Measured zero.
recwkHVAI5W9tyazZ,2026-08-01,10,Verification Confirmed,8,0,0,TRUE,Step Order changed 7 to 8 on 2026-08-13. DATA BASIS: Measured. WINDOW: Sun-Sat calendar week. Sourced from Diagnostic Submissions (`verified` = true). Measured zero.
rec6Dd7zSZOieciTb,2026-08-01,10,Results Viewed,9,0,0,TRUE,Created 2026-08-13. Structural zero. DATA BASIS: Measured (derived). WINDOW: Sun-Sat calendar week.
recZUXdHfqLx4tdSr,2026-08-11,13,Homepage Landing,1,18,,TRUE,"DATA BASIS: Measured. WINDOW: Trailing 7 days as of 2026-08-12, not a strict Sun-Sat bucket like prior rows (Plausible custom calendar-week range was not accepting array input in that session). Pageviews to '/'."
recTJ01xlU8xmsqpj,2026-08-11,13,Diagnostic CTA Clicked,2,0,0,TRUE,"DATA BASIS: Measured (UNVERIFIED). WINDOW: Trailing 7 days as of 2026-08-12. First row using the REAL click event shipped Sprint 12, superseding the pageview proxy in every prior row — do not read the drop from 1 to 0 as behaviour change. Logged unverified per the standing instrumentation rule: the sandbox has no browser to confirm the listener fires. 2 genuine /diagnostic visits occurred in this window with no click event, most likely direct navigation rather than a broken listener."
reczmF053pq8LJkhE,2026-08-11,13,Form Started,3,0,0,TRUE,"DATA BASIS: Measured. WINDOW: Trailing 7 days as of 2026-08-12. Zero new events, sixth consecutive sprint unchanged (Sprints 8-13)."
recr068vz798lJuae,2026-08-11,13,Questionnaire Completed,5,0,0,TRUE,"RELABELLED 2026-08-13 (Graham). Was 'Results Viewed' at Step Order 8. DATA BASIS: Measured. WINDOW: Trailing 7 days as of 2026-08-12, not a Sun-Sat bucket. Original note: zero new events, sixth consecutive sprint unchanged."
recSsv1qTV7vNczKI,2026-08-11,13,Form Submitted,6,0,0,TRUE,"Step Order changed 5 to 6 on 2026-08-13. DATA BASIS: Measured. WINDOW: Trailing 7 days as of 2026-08-12. Sourced from Diagnostic Submissions: genuine external respondents only. Measured zero — seventh consecutive sprint with no genuine submission. Airtable holds 9 records, unchanged since Sprint 11."
recF22D1xeAc1mgnP,2026-08-11,13,Verification Confirmed,8,0,0,TRUE,Step Order changed 7 to 8 on 2026-08-13. DATA BASIS: Measured. WINDOW: Trailing 7 days as of 2026-08-12. Sourced from Diagnostic Submissions (`verified` = true). Measured zero — the verification step has never once been reached by a genuine respondent across all 13 sprints.
recY8qxxWYUimGh1s,2026-08-11,13,Results Viewed,9,0,0,TRUE,Created 2026-08-13. Structural zero across all 13 sprints. The product's core payload — the diagnostic result — has never been delivered to a single genuine user. DATA BASIS: Measured (derived). WINDOW: Trailing 7 days as of 2026-08-12.
rec6TgEl3H0geZsMN,2026-08-14,14,Homepage Landing,1,8,,TRUE,"DATA BASIS: Measured. WINDOW: Trailing 7 days (Plausible 7d range: Sat 8 Aug-Fri 14 Aug), not a Sun-Sat calendar bucket. Pageviews to '/'. Session run as a DRY RUN at Graham's explicit request, 15 Aug 2026 — real data, real write, no deployment."
recUrPMylIpFqD4mP,2026-08-14,14,Diagnostic CTA Clicked,2,1,0.125,TRUE,"DATA BASIS: Measured (VERIFIED this sprint). WINDOW: Trailing 7 days (Sat 8 Aug-Fri 14 Aug). First real click event recorded since this instrumentation shipped Sprint 12 — see decision-log Sprint 14 row 6, INSTRUMENTATION VERIFIED. 1 visitor/1 event, real click event (not the old pageview proxy)."
recpjlTP7CC3fOZYl,2026-08-14,14,Form Started,3,0,,TRUE,"DATA BASIS: Measured. WINDOW: Trailing 7 days (Sat 8 Aug-Fri 14 Aug). Zero new events this week. Cumulative position unchanged since Sprint 8: 3 Started events from 2 unique visitors, lifetime."
recQqjPyaipgRTUAL,2026-08-14,14,Questionnaire Completed,5,0,,TRUE,"DATA BASIS: Measured. WINDOW: Trailing 7 days (Sat 8 Aug-Fri 14 Aug). Zero new events. Cumulative position unchanged: 3 Completed events lifetime, matching Form Started 1:1 (nobody who starts abandons). MAJOR CORRECTION LOGGED THIS SPRINT (decision-log Sprint 14 row 3): individual results render immediately and unconditionally on completion — there is no email gate on seeing results. Both real completions this quarter saw their results on-page."
recqcyAkdRMyV3Xq1,2026-08-14,14,Form Submitted,6,0,,TRUE,"DATA BASIS: Measured. WINDOW: Trailing 7 days (Sat 8 Aug-Fri 14 Aug). Sourced from Diagnostic Submissions: genuine external respondents only. Measured zero — no records created this week at all (Airtable holds 9 total, all dated 19 Jul 2026 or earlier). Eighth consecutive sprint with no genuine submission."
recnDDZXuC1MG5fUt,2026-08-14,14,Verification Confirmed,8,0,,TRUE,"DATA BASIS: Measured. WINDOW: Trailing 7 days (Sat 8 Aug-Fri 14 Aug). Sourced from Diagnostic Submissions (verified = true), genuine external respondents only. Measured zero, unchanged."
recF8OrC4YhETTujC,2026-08-14,14,Results Viewed,9,0,,TRUE,"DATA BASIS: Measured (derived). WINDOW: Trailing 7 days (Sat 8 Aug-Fri 14 Aug). Zero this week because zero completions this week, true under either definition. FLAGGED, NOT YET CORRECTED: this table's field-level description defines Results Viewed as gated behind Verification Confirmed — decision-log Sprint 14 row 3 found this is factually wrong for the product as built; individual results render on-page immediately on Questionnaire Completed, no email/verification needed. The lifetime figure most people reading this table would actually want (results genuinely seen by a real visitor) is closer to Questionnaire Completed's cumulative 3, not 0. Left for Graham/Analytics to amend the field description deliberately rather than silently rewritten this session."
reckbChRNLbK0vmXF,2026-08-17,15,Homepage Landing,1,4,,TRUE,"DATA BASIS: Measured. WINDOW: Trailing 7 days (Plausible 7d range as of 2026-08-17). Pageviews-based unique visitors to '/': 4 visitors, 8 pageviews, 75% bounce, 360s avg. duration (30d comparison: 22 visitors/43 pageviews). This window heavily overlaps Sprint 14's own trailing-7-day window, measured just 2 days earlier (Sun-Sat 8-14 Aug) — largely the same underlying visits, not fresh weekly signal. Flagged, not hidden."
rec8mHGua9tQ27o4w,2026-08-17,15,Diagnostic CTA Clicked,2,1,0.25,TRUE,"DATA BASIS: Measured. WINDOW: Trailing 7 days (Plausible 7d range as of 2026-08-18 — one day later than this sprint's other three rows' 2026-08-17 cutoff, largely the same underlying week, not fresh weekly signal). RESOLVES decision-log Sprint 15 row 3 TOOL FAILURE: get-breakdown's event:goal dimension returns empty across every date range because no Goals are configured in the Plausible site dashboard for these event names (a web-UI setting) — the underlying events are firing correctly regardless. Switching to the raw query tool with dimensions:[""event:name""] reads the same event data directly, bypassing the Goals requirement entirely, with no dashboard change needed. Verified general: checked 30d and all-time ranges too, both consistent. 1 visitor/1 event, real click event (not the old pageview proxy)."
recNoYQzwFcdO1f6B,2026-08-17,15,Form Started,3,0,0,TRUE,"DATA BASIS: Measured. WINDOW: Trailing 7 days (Plausible 7d range as of 2026-08-18). Same event:goal-to-event:name fix as the Diagnostic CTA Clicked row this sprint (decision-log Sprint 15 row 3) — 'Diagnostic: Started' is absent from the event:name breakdown for this window, a genuine measured zero, not an unmeasured gap. Conversion from Diagnostic CTA Clicked (1 this week) is a valid 0%, since the previous step's count is nonzero."
recYh0ZMEpH20hbYk,2026-08-17,15,Questionnaire Completed,5,0,,TRUE,"DATA BASIS: Measured. WINDOW: Trailing 7 days (Plausible 7d range as of 2026-08-18). Same event:goal-to-event:name fix as this sprint's other two backfilled rows (decision-log Sprint 15 row 3) — 'Diagnostic: Completed' is absent from the event:name breakdown for this window, a genuine measured zero. Conversion left blank: previous step (Form Started) count is also 0 this week, so a percentage is undefined, not zero."
recpd4UJhfAeJ6F8k,2026-08-17,15,Form Submitted,6,0,0,TRUE,"DATA BASIS: Measured. WINDOW: Trailing 7 days as of 2026-08-17. Sourced from Diagnostic Submissions (attempt_id present), genuine external respondents only — 0 new records this week (table holds 9 total, all dated 19 Jul 2026 or earlier; ninth consecutive sprint with no genuine submission). Conversion shown (0%) is against Step 1 (Homepage Landing), the nearest lower-numbered step with a row this week — Steps 2/3/5 (CTA Clicked/Form Started/Questionnaire Completed) could not be measured this week at all, see decision-log Sprint 15 TOOL FAILURE entry, so this is not a genuine step-to-step conversion figure and should not be read as one."
recPnySewo5wpg7Qn,2026-08-17,15,Verification Confirmed,8,0,,TRUE,"DATA BASIS: Measured. WINDOW: Trailing 7 days as of 2026-08-17. Sourced from Diagnostic Submissions (verified = true), genuine external respondents only. Measured zero, unchanged — never once reached by a genuine respondent across 15 sprints. Conversion left blank: previous-step (Form Submitted) count is also 0 this week, so a percentage is undefined, not zero."
recJVEuMj4yi6bXiZ,2026-08-22,16,Homepage Landing,1,3,,TRUE,"DATA BASIS: Measured. WINDOW: Sun-Sat calendar week (2026-08-16 to 2026-08-22), a genuine Plausible '7d' preset match this week (falls exactly on the calendar boundary). Pageviews to '/': 3, from 1 unique visitor. Site-wide this week: 1 visitor total, 5 pageviews, 5 events, all pageviews (event:name breakdown returns only 'pageview' — zero non-pageview custom events fired this week, a genuine measured zero not a read-path gap, confirming Sprint 15's event:name fix)."
recAxn0Q2fCSxGcks,2026-08-22,16,Diagnostic CTA Clicked,2,0,0,TRUE,"DATA BASIS: Measured. WINDOW: Sun-Sat calendar week (2026-08-16 to 2026-08-22). Zero via event:name (not event:goal), confirmed against total events=5 for the week, all accounted for as pageviews. Conversion from Homepage Landing (3) is a valid 0%."
recCHDMgYAEbO5lK7,2026-08-22,16,Form Started,3,0,,TRUE,"DATA BASIS: Measured. WINDOW: Sun-Sat calendar week (2026-08-16 to 2026-08-22). Zero new 'Diagnostic: Started' events. Conversion left blank: previous step (CTA Clicked) is also 0 this week, so a percentage is undefined."
rectXm1erEIqKI8q1,2026-08-22,16,Questionnaire Completed,5,0,,TRUE,"DATA BASIS: Measured. WINDOW: Sun-Sat calendar week (2026-08-16 to 2026-08-22). Zero new 'Diagnostic: Completed' events. Conversion left blank: previous step (Form Started) is also 0 this week. Cumulative lifetime position unchanged: 3 Completed events from 2 unique visitors, matching Form Started 1:1."
recuN3Wf8XQ9MXet4,2026-08-22,16,Form Submitted,6,0,,TRUE,"DATA BASIS: Measured. WINDOW: Sun-Sat calendar week (2026-08-16 to 2026-08-22). Sourced from Diagnostic Submissions (attempt_id present), genuine external respondents only — 0 new records this week (table holds 9 total, all dated 19 Jul 2026 or earlier; tenth consecutive sprint with no genuine submission). Conversion left blank: previous step (Questionnaire Completed) is also 0 this week."
rec5doeNFDV8rLxae,2026-08-22,16,Verification Confirmed,8,0,,TRUE,"DATA BASIS: Measured. WINDOW: Sun-Sat calendar week (2026-08-16 to 2026-08-22). Sourced from Diagnostic Submissions (verified = true), genuine external respondents only. Measured zero — never once reached by a genuine respondent across 16 sprints. Conversion left blank: previous step (Form Submitted) is also 0 this week."
rech1tj5ARwobqBbb,2026-08-22,16,Results Viewed,9,0,,TRUE,"DATA BASIS: Measured (derived from Verification Confirmed = 0). WINDOW: Sun-Sat calendar week (2026-08-16 to 2026-08-22). NOTE, repeated from Sprints 14-15: this table's field-level description still defines Results Viewed as gated behind Verification Confirmed, which decision-log Sprint 14 row 3 found is factually wrong for the product as built — individual results render on-page immediately on Questionnaire Completed, no email/verification needed. The lifetime figure a reader actually wants (results genuinely seen) is closer to Questionnaire Completed's cumulative 3, not this column's 0. Still not corrected at the schema level three sprints on — flagged again rather than silently fixed, per Graham/Analytics owning that edit deliberately."
recKENh5FMDj8TkpP,2026-08-29,21,Homepage Landing,1,27,,FALSE,"DATA BASIS: Measured. WINDOW: Sun-Sat calendar week (2026-08-23 to 2026-08-29). Pageviews to '/'. Sprint 20's cold-open/CTA-hook template fix and two copy hotfixes deployed mid-week (27 Aug); this row covers the full week, straddling pre- and post-deployment."
recZKr5QlBpZM07uh,2026-08-29,21,Diagnostic CTA Clicked,2,0,0,FALSE,"DATA BASIS: Measured. WINDOW: Sun-Sat calendar week (2026-08-23 to 2026-08-29). Zero via event:name query — total events this week (43) equal total pageviews (43), confirming no non-pageview custom event fired at all this week, not just this one. Conversion from Homepage Landing (27) is a valid 0%."
recYDQ1UMV95F07th,2026-08-29,21,Form Started,3,0,,FALSE,"DATA BASIS: Measured. WINDOW: Sun-Sat calendar week (2026-08-23 to 2026-08-29). Zero new 'Diagnostic: Started' events. Conversion left blank: previous step (CTA Clicked) is also 0 this week, so a percentage is undefined."
reccEUxWxtRRr1nH0,2026-08-29,21,Questionnaire Completed,5,0,,FALSE,"DATA BASIS: Measured. WINDOW: Sun-Sat calendar week (2026-08-23 to 2026-08-29). Zero new 'Diagnostic: Completed' events. Conversion left blank: previous step (Form Started) is also 0 this week, so a percentage is undefined."
recqhPbXYsXOoxjYj,2026-08-29,21,Form Submitted,6,0,,FALSE,"DATA BASIS: Measured. WINDOW: Sun-Sat calendar week (2026-08-23 to 2026-08-29). Sourced from Diagnostic Submissions (attempt_id present), genuine external respondents only. Diagnostic Submissions unchanged at 9 total records, all internal/test (last genuine external activity 19 Jul 2026) — nothing new created this week, so no exclusions needed. Measured zero. Conversion left blank: nearest lower step with a row (Questionnaire Completed) is also 0."
recE07wrkvSmjUs65,2026-08-29,21,Verification Confirmed,8,0,,FALSE,"DATA BASIS: Measured. WINDOW: Sun-Sat calendar week (2026-08-23 to 2026-08-29). Sourced from Diagnostic Submissions (verified = true), genuine external respondents only. Measured zero — never once reached by a genuine respondent, now across 21 sprints. Conversion left blank: nearest lower step with a row (Form Submitted) is also 0."
rec6RQzn4De2JGLTL,2026-08-29,21,Results Viewed,9,0,,FALSE,"DATA BASIS: Measured (derived). WINDOW: Sun-Sat calendar week (2026-08-23 to 2026-08-29). Structural zero this week because zero completions this week. Per decision-log Sprint 14 row 3, this table's field-level description still incorrectly defines Results Viewed as gated behind Verification Confirmed — flagged again, not corrected, per the standing 'left for Graham/Analytics to amend deliberately' note. Conversion left blank: nearest lower step with a row (Verification Confirmed) is also 0."
rec2Wdy1bLUUGt647,2026-09-05,22,Homepage Landing,1,9,,FALSE,"DATA BASIS: Measured. WINDOW: Sun-Sat calendar week (2026-08-30 to 2026-09-05). Pageviews to '/', read via per-day event:page breakdown (dimensions:[""event:page""],time:day) summed across the week — first time this precision has been used instead of a rolling preset, chosen because this week fell inside the 15-day Discovery gap (Sprint 21 closed 5 Sep, next Discovery did not run until 20 Sep) and could not be read via the 7d/30d presets alone. 9 pageviews, all on 4-5 Sep (Sprint 21's own Discovery/Delivery session days)."
recYz0oZXFxLnP7LX,2026-09-05,22,Diagnostic CTA Clicked,2,1,0.111,FALSE,"DATA BASIS: Measured. WINDOW: Sun-Sat calendar week (2026-08-30 to 2026-09-05). This is the single real click event confirmed in decision-log.md Sprint 21 row 16 — Sprint 21's own live click-test of the cta-hook mechanism on 5 Sep (a scripted click plus a real mouse click, both against production). NOT a genuine external conversion: this is the team's own QA test click, logged here for completeness because the funnel table records what Plausible measured, but excluded from any 'real user engaged the funnel' reading in kr-status.md."
recHRlciqhwGk0BGt,2026-09-05,22,Form Started,3,0,0,FALSE,"DATA BASIS: Measured. WINDOW: Sun-Sat calendar week (2026-08-30 to 2026-09-05). event:name breakdown for the full main-site 30d window (excluding /research) shows no 'Diagnostic: Started' event at all — genuine zero, not absent."
recgLAcwO5LjCjKlM,2026-09-05,22,Questionnaire Completed,5,0,,FALSE,DATA BASIS: Measured. WINDOW: Sun-Sat calendar week (2026-08-30 to 2026-09-05). No 'Diagnostic: Completed' event fired this week. Conversion left blank: previous instrumented step (Form Started) also 0.
recxonvrGYXf3iUHM,2026-09-05,22,Form Submitted,6,0,,FALSE,DATA BASIS: Measured. WINDOW: Sun-Sat calendar week (2026-08-30 to 2026-09-05). Diagnostic Submissions table: zero records with attempt_id created in this window (latest record remains 19 Jul 2026). Conversion left blank.
recMtMeFk4zLS0twQ,2026-09-05,22,Verification Confirmed,8,0,,FALSE,DATA BASIS: Measured. WINDOW: Sun-Sat calendar week (2026-08-30 to 2026-09-05). Diagnostic Submissions table: zero records verified=true in this window. Conversion left blank.
recVialkKiQwyME0T,2026-09-05,22,Results Viewed,9,0,,FALSE,DATA BASIS: Measured (derived). WINDOW: Sun-Sat calendar week (2026-08-30 to 2026-09-05). Structural zero: zero completions this week. Conversion left blank.
recHX5d2LCOrB16PQ,2026-09-12,22,Homepage Landing,1,2,,FALSE,"DATA BASIS: Measured. WINDOW: Sun-Sat calendar week (2026-09-06 to 2026-09-12), read via per-day event:page breakdown (backfill for a week that fell entirely inside the Discovery gap). 2 pageviews, both 9 Sep — coincides with a DuckDuckGo-referred visit (see decision-log/kr-status this sprint), the first non-Direct/non-LinkedIn referral on record for this site."
recFzI3kYgphfACyz,2026-09-12,22,Diagnostic CTA Clicked,2,0,0,FALSE,DATA BASIS: Measured. WINDOW: Sun-Sat calendar week (2026-09-06 to 2026-09-12). No CTA click event this week.
reckCbdUjFpIoZoIg,2026-09-12,22,Form Started,3,0,,FALSE,DATA BASIS: Measured. WINDOW: Sun-Sat calendar week (2026-09-06 to 2026-09-12). No event fired. Conversion left blank: previous step also 0.
recDV0TWrEO2C8i3Q,2026-09-12,22,Questionnaire Completed,5,0,,FALSE,DATA BASIS: Measured. WINDOW: Sun-Sat calendar week (2026-09-06 to 2026-09-12). No event fired.
recGinZvpGpCiwqwf,2026-09-12,22,Form Submitted,6,0,,FALSE,DATA BASIS: Measured. WINDOW: Sun-Sat calendar week (2026-09-06 to 2026-09-12). Diagnostic Submissions: zero new records.
recR17ALDaYEYLSx2,2026-09-12,22,Verification Confirmed,8,0,,FALSE,DATA BASIS: Measured. WINDOW: Sun-Sat calendar week (2026-09-06 to 2026-09-12). Diagnostic Submissions: zero verified in window.
recF1HI59pDTJiyWI,2026-09-12,22,Results Viewed,9,0,,FALSE,DATA BASIS: Measured (derived). WINDOW: Sun-Sat calendar week (2026-09-06 to 2026-09-12). Structural zero.
rec7WTBN3V9cvCBN1,2026-09-19,22,Homepage Landing,1,0,,FALSE,"DATA BASIS: Measured. WINDOW: Sun-Sat calendar week (2026-09-13 to 2026-09-19), confirmed via Plausible's own 7d preset, which lands exactly on this Sun-Sat boundary as of today (Sunday). Genuinely, literally zero: 0 visitors, 0 pageviews, 0% bounce, 0s duration site-wide (including /research) — the first fully all-zero week since Sprint 10's literal zero week, and unlike Sprint 16's 'quietest week' (1 visitor), this week has no visitor of any kind."
rec46Clsv3IgaiAIz,2026-09-19,22,Diagnostic CTA Clicked,2,0,,FALSE,"DATA BASIS: Measured. WINDOW: Sun-Sat calendar week (2026-09-13 to 2026-09-19). Zero, consistent with zero traffic of any kind."
recewdyxiTtj0T7je,2026-09-19,22,Form Started,3,0,,FALSE,DATA BASIS: Measured. WINDOW: Sun-Sat calendar week (2026-09-13 to 2026-09-19). Zero.
recpoZfCZ4kteHMy9,2026-09-19,22,Questionnaire Completed,5,0,,FALSE,DATA BASIS: Measured. WINDOW: Sun-Sat calendar week (2026-09-13 to 2026-09-19). Zero.
rec53jZ3zOxH18cyl,2026-09-19,22,Form Submitted,6,0,,FALSE,"DATA BASIS: Measured. WINDOW: Sun-Sat calendar week (2026-09-13 to 2026-09-19). Diagnostic Submissions: zero new records; total remains 9, unchanged since 19 Jul 2026, twentieth consecutive sprint."
rec26EduKJEt7kWWJ,2026-09-19,22,Verification Confirmed,8,0,,FALSE,DATA BASIS: Measured. WINDOW: Sun-Sat calendar week (2026-09-13 to 2026-09-19). Zero.
recZyyCHFQcdwaKrG,2026-09-19,22,Results Viewed,9,0,,FALSE,DATA BASIS: Measured (derived). WINDOW: Sun-Sat calendar week (2026-09-13 to 2026-09-19). Structural zero.
