Record ID,Week Starting,Week Ending,Homepage Landing,CTA Clicked,Form Started,Questionnaire Completed,Email Submitted,Verification Confirmed,Results Viewed,Article Visitors,Data Note
recx68GiYBXMJmmOM,2026-06-28,2026-07-04,8,2,,,0,0,0,0,"CTA figure is a proxy (/diagnostic pageviews), not a real click event. Form Started and Questionnaire Completed not yet instrumented - cells left empty, not zero."
recoLizs43d1zkioa,2026-07-05,2026-07-11,15,3,,,0,0,0,1,CTA figure is a proxy (/diagnostic pageviews). Form Started and Questionnaire Completed not yet instrumented.
recMg4nOynW6VL3rQ,2026-07-12,2026-07-18,6,4,,,0,0,0,1,"CTA figure is a proxy (/diagnostic pageviews). Questionnaire activity DID occur somewhere in mid-to-late July but could not be allocated to a specific week - the original weekly figures were inferred from 30-day snapshot deltas and were deleted as unreliable. Cumulative measured position across all sprints: 3 questionnaire starts, 3 completions, 0 emails given."
recfwY9YTgl7zSFuL,2026-07-19,2026-07-25,5,3,,,0,0,0,0,CTA figure is a proxy (/diagnostic pageviews). Questionnaire activity occurred in this period but could not be allocated to a specific week - see 18 Jul note.
recHhlFezWV2quQI6,2026-07-26,2026-08-01,3,1,,,0,0,0,5,CTA figure is a proxy (/diagnostic pageviews) - last week before the real click event ships. Questionnaire activity not separately measured this week.
reclU7WmjkeYF7aP7,2026-08-06,2026-08-12,18,0,0,0,0,0,0,2,"NOT A SUNDAY-SATURDAY WEEK. Actual measured window was a trailing 7 days, Thu 6 Aug to Wed 12 Aug - dates here reflect that real window, so this row is not directly comparable to the five above. Cross-reference: the long-format tables label this same data 'Week Ending 11 Aug'; that label is retained there and has not been changed. CTA now uses the REAL click event shipped Sprint 12, replacing the pageview proxy, so the drop from 1 to 0 is a measurement change, not a behaviour change. That event is UNVERIFIED: 2 genuine /diagnostic visits occurred with no click recorded, most likely direct navigation rather than a broken listener."
recYvNBVpGeFkwacE,2026-08-08,2026-08-14,8,1,0,0,0,0,0,3,"NOT A SUNDAY-SATURDAY WEEK: actual measured window is Plausible's trailing 7 days, Sat 8 Aug-Fri 14 Aug (dates here reflect that real window). CTA Clicked is now a VERIFIED real event (first ever fired, see decision-log Sprint 14 row 6), not the old proxy. Results Viewed reads 0 but the underlying definition is flagged as likely wrong this sprint — see Diagnostic Funnel table's Results Viewed row and decision-log Sprint 14 row 3: results are not actually gated behind verification, so 'results genuinely seen' is closer to Questionnaire Completed's lifetime total than to this column. Session was an explicit DRY RUN (15 Aug 2026, live chat) — data is real, no deployment made."
recLh1OctE45cTLLc,2026-08-11,2026-08-17,4,1,0,0,0,0,,3,"NOT A SUNDAY-SATURDAY WEEK: actual window is Plausible's trailing 7 days as of 2026-08-17/18 (task ran Monday, a day after its nominal Sunday slot; the midweek delivery session that resolved the gap below ran two days after that). UPDATE (midweek delivery session, 2026-08-19): the Sunday session's TOOL FAILURE (get-breakdown's event:goal dimension returning empty) is resolved — no Goals are configured in the Plausible dashboard for these event names, but the raw query tool with dimensions:[""event:name""] reads the same underlying events directly with no dashboard change needed. CTA Clicked, Form Started and Questionnaire Completed are now filled from that method (measured, not inferred) — see Diagnostic Funnel table for the individual rows and decision-log Sprint 15 for the full diagnosis. Results Viewed remains empty: it depends on Questionnaire Completed, which measured zero this week. Traffic sources this week: 4 visitors, all Direct/None, 0 LinkedIn — KR2 reads 0% this week, a new low (previous two sprints read ~4%, down from a ~9% plateau in Sprints 5-12)."
recm3tKxDNyMJ7Afs,2026-08-16,2026-08-22,3,0,0,0,0,0,0,1,"A genuine Sun-Sat calendar week (2026-08-16 to 2026-08-22) — the Plausible '7d' preset happened to land exactly on the boundary this session. Thinnest traffic week on record: 1 visitor site-wide all week, 5 pageviews, 5 events (all pageviews, zero custom events fired). That single visitor accounts for both the Homepage Landing and Article Visitors figures (viewed '/', then /learnings and /learnings/eleven-sprints-in in the same session) — not independent visitors. KR2 (social referral share) is 0% again: the one visit was Direct/None, no referral source. Diagnostic Funnel steps 2/3/5/6/8/9 all measured zero (not absent — event:name breakdown confirmed no non-pageview events fired at all this week)."
rec0jHvQtp51bDe4i,2026-08-23,2026-08-29,27,0,0,0,0,0,0,4,"First genuine new Sun-Sat week recorded since Week Ending 2026-08-22 (Sprints 17-20 each found that same week already-recorded and wrote no duplicate). This week straddles Sprint 20's deployment (27 Aug): cold-open/CTA-hook template fix and two copy hotfixes went live mid-week. Zero non-pageview events fired (43 events = 43 pageviews, confirmed via event:name); zero UTM/referral traffic (100% Direct/None — Growth's Sprint 17 UTM proposal remains unexecuted, now 4 sprints stale). Traffic peak (26 Aug, pre-deploy) is at least as consistent with verification/testing browsing as organic pickup — see Diagnostic/Articles Funnel notes and decision-log Sprint 21."
recbnpjnuMxDhMtFU,2026-08-30,2026-09-05,9,1,0,0,0,0,0,1,"DATA BASIS: Measured (backfilled retroactively at Sprint 22 Discovery, 20 Sep — this week fell entirely inside the 15-day gap between Sprint 21's close (5 Sep) and this Discovery). WINDOW: Sun-Sat calendar week. All activity (9 pageviews, 1 CTA click, 1 Articles visitor) falls on 4-5 Sep, Sprint 21's own Discovery/Delivery days — the single CTA click is Sprint 21's own live click-test (decision-log row 16), not a genuine external conversion. First 2 LinkedIn-referred visitors on record occurred 4 Sep (see decision-log Sprint 22), not explained by any known internal testing that day."
rec5wkMXWfhTmA4gK,2026-09-06,2026-09-12,2,0,0,0,0,0,0,0,"DATA BASIS: Measured (backfilled retroactively at Sprint 22 Discovery — gap week, no sprint session ran during it, all halted on 'no committed objective'). WINDOW: Sun-Sat calendar week. Both pageviews (9 Sep) were referred by DuckDuckGo — first-ever search-engine referral on record for this site. Not explained by any known internal session (no scheduled task performed live browsing that day per decision-log/sprint-state.json _history)."
recpy7LFt1wte4jy1,2026-09-13,2026-09-19,0,0,0,0,0,0,0,0,"DATA BASIS: Measured. WINDOW: Sun-Sat calendar week, confirmed via Plausible's 7d preset landing exactly on this boundary. Genuinely all-zero across every metric, site-wide (including the separate /research project lane) — first fully all-zero week since Sprint 10; unlike Sprint 16's 'quietest week' (1 visitor) this week has zero visitors of any kind."
